{
  "best_global_step": 87,
  "best_metric": 0.9997685185185186,
  "best_model_checkpoint": "trainer_output\\checkpoint-87",
  "epoch": 4.0,
  "eval_steps": 500,
  "global_step": 348,
  "is_hyper_param_search": false,
  "is_local_process_zero": true,
  "is_world_process_zero": true,
  "log_history": [
    {
      "epoch": 1.0,
      "eval_accuracy": 0.9612903225806452,
      "eval_f1": 0.9833238474672739,
      "eval_loss": 0.02389182336628437,
      "eval_roc_auc": 0.9997685185185186,
      "eval_runtime": 0.6068,
      "eval_samples_per_second": 255.428,
      "eval_steps_per_second": 32.958,
      "step": 87
    },
    {
      "epoch": 2.0,
      "eval_accuracy": 0.9612903225806452,
      "eval_f1": 0.9807264448698712,
      "eval_loss": 0.023937338963150978,
      "eval_roc_auc": 0.9996527777777778,
      "eval_runtime": 0.6839,
      "eval_samples_per_second": 226.657,
      "eval_steps_per_second": 29.246,
      "step": 174
    },
    {
      "epoch": 3.0,
      "eval_accuracy": 0.9612903225806452,
      "eval_f1": 0.9833238474672739,
      "eval_loss": 0.02487105131149292,
      "eval_roc_auc": 0.9997106481481481,
      "eval_runtime": 0.6097,
      "eval_samples_per_second": 254.221,
      "eval_steps_per_second": 32.803,
      "step": 261
    },
    {
      "epoch": 4.0,
      "eval_accuracy": 0.9612903225806452,
      "eval_f1": 0.9833238474672739,
      "eval_loss": 0.02317950874567032,
      "eval_roc_auc": 0.9997685185185186,
      "eval_runtime": 0.6298,
      "eval_samples_per_second": 246.12,
      "eval_steps_per_second": 31.757,
      "step": 348
    }
  ],
  "logging_steps": 500,
  "max_steps": 435,
  "num_input_tokens_seen": 0,
  "num_train_epochs": 5,
  "save_steps": 500,
  "stateful_callbacks": {
    "TrainerControl": {
      "args": {
        "should_epoch_stop": false,
        "should_evaluate": false,
        "should_log": false,
        "should_save": true,
        "should_training_stop": false
      },
      "attributes": {}
    }
  },
  "total_flos": 10246780210176.0,
  "train_batch_size": 16,
  "trial_name": null,
  "trial_params": null
}
